-- Game engine bootstrap seed (moduleId=games, tenant 100001).

INSERT INTO game_catalog (
  id,
  uuid,
  tenant_id,
  organization_id,
  game_code,
  title,
  summary,
  genre,
  cover_media,
  status,
  visibility,
  default_mode_id,
  sort_order,
  created_at,
  created_by,
  updated_at,
  updated_by,
  version
) VALUES
  (
    'game-chinese-chess',
    '00000000-0000-4000-8000-000000000001',
    '100001',
    '0',
    'chinese_chess',
    'Chinese Chess',
    'Classic two-player strategy board game.',
    'chess',
    '{"driveFileId":"drive-game-chinese-chess-cover"}',
    'published',
    'public',
    'mode-chinese-chess-classic',
    10,
    '2026-01-01T00:00:00Z',
    'system',
    '2026-01-01T00:00:00Z',
    'system',
    0
  ),
  (
    'game-guandan',
    '00000000-0000-4000-8000-000000000002',
    '100001',
    '0',
    'guandan',
    'Guandan',
    'Four-player cooperative card game.',
    'card',
    '{"driveFileId":"drive-game-guandan-cover"}',
    'published',
    'public',
    'mode-guandan-classic',
    20,
    '2026-01-01T00:00:00Z',
    'system',
    '2026-01-01T00:00:00Z',
    'system',
    0
  ),
  (
    'game-doudizhu',
    '00000000-0000-4000-8000-000000000003',
    '100001',
    '0',
    'doudizhu',
    'Dou Dizhu',
    'Classic three-player landlord card game.',
    'card',
    '{"driveFileId":"drive-game-doudizhu-cover"}',
    'published',
    'public',
    'mode-doudizhu-classic',
    30,
    '2026-01-01T00:00:00Z',
    'system',
    '2026-01-01T00:00:00Z',
    'system',
    0
  ),
  (
    'game-quiz-arena',
    '00000000-0000-4000-8000-000000000004',
    '100001',
    '0',
    'quiz_arena',
    'Quiz Arena',
    'Knowledge quiz multiplayer arena.',
    'quiz',
    '{"driveFileId":"drive-game-quiz-arena-cover"}',
    'published',
    'public',
    'mode-quiz-arena-classic',
    40,
    '2026-01-01T00:00:00Z',
    'system',
    '2026-01-01T00:00:00Z',
    'system',
    0
  ),
  (
    'game-cyber-strike',
    '00000000-0000-4000-8000-000000000005',
    '100001',
    '0',
    'cyber_strike',
    'Cyber Strike',
    'Action strategy arena game.',
    'action',
    '{"driveFileId":"drive-game-cyber-strike-cover"}',
    'published',
    'public',
    'mode-cyber-strike-classic',
    50,
    '2026-01-01T00:00:00Z',
    'system',
    '2026-01-01T00:00:00Z',
    'system',
    0
  )
ON CONFLICT (id) DO NOTHING;

INSERT INTO game_ruleset (
  id,
  uuid,
  tenant_id,
  organization_id,
  game_id,
  mode_id,
  ruleset_code,
  version_no,
  status,
  config_schema,
  config_values,
  activated_at,
  created_at,
  created_by,
  updated_at,
  updated_by,
  version
) VALUES
  (
    'ruleset-chinese-chess-classic-v1',
    '00000000-0000-4000-8000-000000000301',
    '100001',
    '0',
    'game-chinese-chess',
    NULL,
    'classic',
    1,
    'active',
    '{}',
    '{"winScore":100,"lossScore":-20}',
    '2026-01-01T00:00:00Z',
    '2026-01-01T00:00:00Z',
    'system',
    '2026-01-01T00:00:00Z',
    'system',
    0
  ),
  (
    'ruleset-guandan-classic-v1',
    '00000000-0000-4000-8000-000000000302',
    '100001',
    '0',
    'game-guandan',
    NULL,
    'classic',
    1,
    'active',
    '{}',
    '{"winScore":80,"lossScore":-20}',
    '2026-01-01T00:00:00Z',
    '2026-01-01T00:00:00Z',
    'system',
    '2026-01-01T00:00:00Z',
    'system',
    0
  ),
  (
    'ruleset-doudizhu-classic-v1',
    '00000000-0000-4000-8000-000000000303',
    '100001',
    '0',
    'game-doudizhu',
    NULL,
    'classic',
    1,
    'active',
    '{}',
    '{"winScore":60,"lossScore":-20}',
    '2026-01-01T00:00:00Z',
    '2026-01-01T00:00:00Z',
    'system',
    '2026-01-01T00:00:00Z',
    'system',
    0
  )
ON CONFLICT (id) DO NOTHING;

INSERT INTO game_mode (
  id,
  uuid,
  tenant_id,
  organization_id,
  game_id,
  mode_code,
  title,
  status,
  min_players,
  max_players,
  team_size,
  ruleset_id,
  matchmaking_enabled,
  room_enabled,
  leaderboard_enabled,
  settings,
  sort_order,
  created_at,
  created_by,
  updated_at,
  updated_by,
  version
) VALUES
  (
    'mode-chinese-chess-classic',
    '00000000-0000-4000-8000-000000000401',
    '100001',
    '0',
    'game-chinese-chess',
    'classic',
    'Classic',
    'active',
    2,
    2,
    NULL,
    'ruleset-chinese-chess-classic-v1',
    TRUE,
    TRUE,
    TRUE,
    '{"turnBased":true}',
    10,
    '2026-01-01T00:00:00Z',
    'system',
    '2026-01-01T00:00:00Z',
    'system',
    0
  ),
  (
    'mode-guandan-classic',
    '00000000-0000-4000-8000-000000000402',
    '100001',
    '0',
    'game-guandan',
    'classic',
    'Classic',
    'active',
    4,
    4,
    2,
    'ruleset-guandan-classic-v1',
    TRUE,
    TRUE,
    TRUE,
    '{"teamBased":true}',
    10,
    '2026-01-01T00:00:00Z',
    'system',
    '2026-01-01T00:00:00Z',
    'system',
    0
  ),
  (
    'mode-doudizhu-classic',
    '00000000-0000-4000-8000-000000000403',
    '100001',
    '0',
    'game-doudizhu',
    'classic',
    'Classic',
    'active',
    3,
    3,
    NULL,
    'ruleset-doudizhu-classic-v1',
    TRUE,
    TRUE,
    TRUE,
    '{"landlordMode":true}',
    10,
    '2026-01-01T00:00:00Z',
    'system',
    '2026-01-01T00:00:00Z',
    'system',
    0
  )
ON CONFLICT (id) DO NOTHING;

INSERT INTO game_leaderboard_config (
  id,
  uuid,
  tenant_id,
  organization_id,
  game_id,
  mode_id,
  season_id,
  leaderboard_code,
  title,
  status,
  ranking_metric,
  ranking_order,
  tie_breaker,
  reset_policy,
  settings,
  sort_order,
  created_at,
  created_by,
  updated_at,
  updated_by,
  version
) VALUES
  (
    'leaderboard-chinese-chess-classic',
    '00000000-0000-4000-8000-000000000501',
    '100001',
    '0',
    'game-chinese-chess',
    'mode-chinese-chess-classic',
    NULL,
    'classic_points',
    'Chinese Chess Classic Points',
    'active',
    'points',
    'desc',
    'updated_at',
    'never',
    '{}',
    10,
    '2026-01-01T00:00:00Z',
    'system',
    '2026-01-01T00:00:00Z',
    'system',
    0
  ),
  (
    'leaderboard-guandan-classic',
    '00000000-0000-4000-8000-000000000502',
    '100001',
    '0',
    'game-guandan',
    'mode-guandan-classic',
    NULL,
    'classic_points',
    'Guandan Classic Points',
    'active',
    'points',
    'desc',
    'updated_at',
    'never',
    '{}',
    20,
    '2026-01-01T00:00:00Z',
    'system',
    '2026-01-01T00:00:00Z',
    'system',
    0
  ),
  (
    'leaderboard-doudizhu-classic',
    '00000000-0000-4000-8000-000000000503',
    '100001',
    '0',
    'game-doudizhu',
    'mode-doudizhu-classic',
    NULL,
    'classic_points',
    'Dou Dizhu Classic Points',
    'active',
    'points',
    'desc',
    'updated_at',
    'never',
    '{}',
    30,
    '2026-01-01T00:00:00Z',
    'system',
    '2026-01-01T00:00:00Z',
    'system',
    0
  )
ON CONFLICT (id) DO NOTHING;

INSERT INTO game_leaderboard_entry (
  id,
  uuid,
  tenant_id,
  organization_id,
  leaderboard_id,
  game_id,
  mode_id,
  season_id,
  user_id,
  display_name_snapshot,
  score_value,
  rank_no,
  tie_breaker_value,
  recorded_at,
  created_at,
  updated_at,
  version
) VALUES
  (
    'lb-entry-1',
    '00000000-0000-4000-8000-000000000601',
    '100001',
    '0',
    'leaderboard-chinese-chess-classic',
    'game-chinese-chess',
    'mode-chinese-chess-classic',
    NULL,
    'AlphaGo_V4',
    'AlphaGo_V4',
    12500,
    1,
    '2026-01-01T00:00:00Z',
    '2026-01-01T00:00:00Z',
    '2026-01-01T00:00:00Z',
    '2026-01-01T00:00:00Z',
    0
  ),
  (
    'lb-entry-2',
    '00000000-0000-4000-8000-000000000602',
    '100001',
    '0',
    'leaderboard-chinese-chess-classic',
    'game-chinese-chess',
    'mode-chinese-chess-classic',
    NULL,
    'player-kejie',
    'player-kejie',
    11820,
    2,
    '2026-01-01T00:00:00Z',
    '2026-01-01T00:00:00Z',
    '2026-01-01T00:00:00Z',
    '2026-01-01T00:00:00Z',
    0
  ),
  (
    'lb-entry-3',
    '00000000-0000-4000-8000-000000000603',
    '100001',
    '0',
    'leaderboard-doudizhu-classic',
    'game-doudizhu',
    'mode-doudizhu-classic',
    NULL,
    'DeepAgent',
    'DeepAgent',
    10250,
    1,
    '2026-01-01T00:00:00Z',
    '2026-01-01T00:00:00Z',
    '2026-01-01T00:00:00Z',
    '2026-01-01T00:00:00Z',
    0
  ),
  (
    'lb-entry-4',
    '00000000-0000-4000-8000-000000000604',
    '100001',
    '0',
    'leaderboard-guandan-classic',
    'game-guandan',
    'mode-guandan-classic',
    NULL,
    'PokerGod',
    'PokerGod',
    9600,
    1,
    '2026-01-01T00:00:00Z',
    '2026-01-01T00:00:00Z',
    '2026-01-01T00:00:00Z',
    '2026-01-01T00:00:00Z',
    0
  )
ON CONFLICT (id) DO NOTHING;

INSERT INTO game_room (
  id,
  uuid,
  tenant_id,
  organization_id,
  game_id,
  mode_id,
  ruleset_id,
  room_code,
  host_user_id,
  visibility,
  join_policy,
  max_players,
  current_players,
  status,
  opened_at,
  started_at,
  metadata,
  created_at,
  created_by,
  updated_at,
  updated_by,
  version
) VALUES
  (
    'room-1',
    '00000000-0000-4000-8000-000000000701',
    '100001',
    '0',
    'game-chinese-chess',
    'mode-chinese-chess-classic',
    'ruleset-chinese-chess-classic-v1',
    'XQ-LIVE-01',
    'player-host-1',
    'public',
    'open',
    2,
    2,
    'playing',
    '2026-01-01T00:00:00Z',
    '2026-01-01T00:05:00Z',
    '{"source":"bootstrap"}',
    '2026-01-01T00:00:00Z',
    'system',
    '2026-01-01T00:05:00Z',
    'system',
    0
  ),
  (
    'room-2',
    '00000000-0000-4000-8000-000000000702',
    '100001',
    '0',
    'game-doudizhu',
    'mode-doudizhu-classic',
    'ruleset-doudizhu-classic-v1',
    'DDZ-OPEN-02',
    'player-host-2',
    'public',
    'open',
    3,
    1,
    'open',
    '2026-01-01T00:00:00Z',
    NULL,
    '{"source":"bootstrap"}',
    '2026-01-01T00:00:00Z',
    'system',
    '2026-01-01T00:00:00Z',
    'system',
    0
  )
ON CONFLICT (id) DO NOTHING;

INSERT INTO game_room_seat (
  id,
  uuid,
  tenant_id,
  organization_id,
  room_id,
  seat_no,
  team_no,
  user_id,
  display_name_snapshot,
  status,
  joined_at,
  ready_at,
  created_at,
  updated_at,
  version
) VALUES
  (
    'room-seat-1',
    '00000000-0000-4000-8000-000000000801',
    '100001',
    '0',
    'room-1',
    1,
    NULL,
    'player-host-1',
    'player-host-1',
    'playing',
    '2026-01-01T00:00:00Z',
    '2026-01-01T00:01:00Z',
    '2026-01-01T00:00:00Z',
    '2026-01-01T00:05:00Z',
    0
  ),
  (
    'room-seat-2',
    '00000000-0000-4000-8000-000000000802',
    '100001',
    '0',
    'room-1',
    2,
    NULL,
    'player-guest-1',
    'player-guest-1',
    'playing',
    '2026-01-01T00:00:30Z',
    '2026-01-01T00:01:10Z',
    '2026-01-01T00:00:30Z',
    '2026-01-01T00:05:00Z',
    0
  ),
  (
    'room-seat-3',
    '00000000-0000-4000-8000-000000000803',
    '100001',
    '0',
    'room-2',
    1,
    NULL,
    'player-host-2',
    'player-host-2',
    'joined',
    '2026-01-01T00:00:00Z',
    NULL,
    '2026-01-01T00:00:00Z',
    '2026-01-01T00:00:00Z',
    0
  )
ON CONFLICT (id) DO NOTHING;
